mapblklot,analysis_neighborhood
4596016,Bayview Hunters Point
5027002,Bayview Hunters Point
4587012,Bayview Hunters Point
4598016,Bayview Hunters Point
5045002,Bayview Hunters Point
4596002,Bayview Hunters Point
4587024,Bayview Hunters Point
4871012,Bayview Hunters Point
4890011,Bayview Hunters Point
4868015,Bayview Hunters Point
4868024,Bayview Hunters Point
4870001,Bayview Hunters Point
4870012,Bayview Hunters Point
4870013,Bayview Hunters Point
4869001,Bayview Hunters Point
4871002,Bayview Hunters Point
4868011,Bayview Hunters Point
4870005,Bayview Hunters Point
4870024,Bayview Hunters Point
4871023,Bayview Hunters Point
4868013,Bayview Hunters Point
4871019,Bayview Hunters Point
4890008,Bayview Hunters Point
4890001,Bayview Hunters Point
4868017,Bayview Hunters Point
4871018,Bayview Hunters Point
4871011,Bayview Hunters Point
4868020,Bayview Hunters Point
4890013,Bayview Hunters Point
4867024,Bayview Hunters Point
4868022A,Bayview Hunters Point
4870016,Bayview Hunters Point
4871014,Bayview Hunters Point
4871022,Bayview Hunters Point
4868022,Bayview Hunters Point
4870017,Bayview Hunters Point
4868018,Bayview Hunters Point
4868004,Bayview Hunters Point
4871017,Bayview Hunters Point
4870010,Bayview Hunters Point
4890012,Bayview Hunters Point
4871015,Bayview Hunters Point
4871020,Bayview Hunters Point
4871005,Bayview Hunters Point
4868001,Bayview Hunters Point
4890003,Bayview Hunters Point
4890014,Bayview Hunters Point
4868006,Bayview Hunters Point
4870018,Bayview Hunters Point
4868021,Bayview Hunters Point
4870014,Bayview Hunters Point
4868005,Bayview Hunters Point
4870008,Bayview Hunters Point
4868012,Bayview Hunters Point
4870007,Bayview Hunters Point
4870019,Bayview Hunters Point
4870021,Bayview Hunters Point
4890007,Bayview Hunters Point
4870002,Bayview Hunters Point
4868008,Bayview Hunters Point
4870006,Bayview Hunters Point
4868007,Bayview Hunters Point
4890002,Bayview Hunters Point
4871009,Bayview Hunters Point
4871008,Bayview Hunters Point
4890004,Bayview Hunters Point
4871010,Bayview Hunters Point
4870020,Bayview Hunters Point
4871007,Bayview Hunters Point
4870023,Bayview Hunters Point
4871013,Bayview Hunters Point
4871006,Bayview Hunters Point
4890006,Bayview Hunters Point
4871021,Bayview Hunters Point
4868019,Bayview Hunters Point
4890005,Bayview Hunters Point
4868003,Bayview Hunters Point
4870011,Bayview Hunters Point
4868014,Bayview Hunters Point
4868009,Bayview Hunters Point
4870009,Bayview Hunters Point
4868016,Bayview Hunters Point
4870004,Bayview Hunters Point
4870015,Bayview Hunters Point
4870022,Bayview Hunters Point
4871004,Bayview Hunters Point
4870003,Bayview Hunters Point
4868010,Bayview Hunters Point
4871024,Bayview Hunters Point
4890010,Bayview Hunters Point
4868023,Bayview Hunters Point
4871001,Bayview Hunters Point
4871003,Bayview Hunters Point
4871016,Bayview Hunters Point
4890009,Bayview Hunters Point
4868002,Bayview Hunters Point
5045003,Bayview Hunters Point
5046005,Bayview Hunters Point
5062007,Bayview Hunters Point
4605003,Bayview Hunters Point
4579001,Bayview Hunters Point
4587019,Bayview Hunters Point
4598009,Bayview Hunters Point
4586003,Bayview Hunters Point
4572013,Bayview Hunters Point
5046014,Bayview Hunters Point
5027001,Bayview Hunters Point
4239002,Potrero Hill
5044012,Bayview Hunters Point
3810008,Mission Bay
5046016,Bayview Hunters Point
4605023,Bayview Hunters Point
4587011,Bayview Hunters Point
4598013,Bayview Hunters Point
4605021,Bayview Hunters Point
5046013,Bayview Hunters Point
4587013,Bayview Hunters Point
4572010,Bayview Hunters Point
4606015,Bayview Hunters Point
5062005,Bayview Hunters Point
4605009,Bayview Hunters Point
4598004,Bayview Hunters Point
6471003A,Excelsior
4587021,Bayview Hunters Point
4598011,Bayview Hunters Point
4622015,Bayview Hunters Point
4606018,Bayview Hunters Point
4622003,Bayview Hunters Point
4381004,Bayview Hunters Point
4622005,Bayview Hunters Point
6321008G,Visitacion Valley
4596003,Bayview Hunters Point
4597016,Bayview Hunters Point
4606010,Bayview Hunters Point
4586004,Bayview Hunters Point
6493033,Excelsior
6319008,Visitacion Valley
6499041,Excelsior
6499044,Excelsior
6472067,Excelsior
4958023,Bayview Hunters Point
6493032,Excelsior
6436040,Excelsior
4958017,Bayview Hunters Point
6491011,Excelsior
7161042,Outer Mission
7168005,Outer Mission
6472066,Excelsior
4958015,Bayview Hunters Point
4958021,Bayview Hunters Point
6491012,Excelsior
4958018,Bayview Hunters Point
9900068,Potrero Hill
6458010,Excelsior
6492001D,Excelsior
7168004,Outer Mission
4958013,Bayview Hunters Point
6498013,Excelsior
4958016,Bayview Hunters Point
6499039,Excelsior
9900250,Russian Hill
4958024,Bayview Hunters Point
6309C011,Visitacion Valley
4958022,Bayview Hunters Point
7161022,Outer Mission
6472065,Excelsior
7170019,Outer Mission
6492001C,Excelsior
6493008,Excelsior
6436041,Excelsior
6499040,Excelsior
6499042,Excelsior
6491010,Excelsior
4958020,Bayview Hunters Point
6492001B,Excelsior
6493036,Excelsior
4958019,Bayview Hunters Point
6432019,Excelsior
6499038,Excelsior
4958014,Bayview Hunters Point
6499043,Excelsior
4981002,Bayview Hunters Point
6498012,Excelsior
4587020,Bayview Hunters Point
5027003,Bayview Hunters Point
5046004,Bayview Hunters Point
4597019,Bayview Hunters Point
5062004,Bayview Hunters Point
4598015,Bayview Hunters Point
4621002,Bayview Hunters Point
4597015,Bayview Hunters Point
5044004,Bayview Hunters Point
4605006,Bayview Hunters Point
4587007,Bayview Hunters Point
5046001,Bayview Hunters Point
4621008,Bayview Hunters Point
6451012A,Excelsior
5062010,Bayview Hunters Point
4621009,Bayview Hunters Point
5027009,Bayview Hunters Point
5046003,Bayview Hunters Point
4598007,Bayview Hunters Point
5045001,Bayview Hunters Point
9900043H,North Beach
9900070,Potrero Hill
5027004,Bayview Hunters Point
4586006,Bayview Hunters Point
5027013,Bayview Hunters Point
4572005,Bayview Hunters Point
4598012,Bayview Hunters Point
4622002,Bayview Hunters Point
6491009,Excelsior
6317001,Visitacion Valley
4597014,Bayview Hunters Point
5044001,Bayview Hunters Point
4587008,Bayview Hunters Point
5062008,Bayview Hunters Point
4597013,Bayview Hunters Point
4605024,Bayview Hunters Point
4621007,Bayview Hunters Point
4586013,Bayview Hunters Point
4587002,Bayview Hunters Point
4597017,Bayview Hunters Point
4586008,Bayview Hunters Point
4597018,Bayview Hunters Point
4586007,Bayview Hunters Point
5027012,Bayview Hunters Point
4621004,Bayview Hunters Point
5062001,Bayview Hunters Point
4572007,Bayview Hunters Point
9900043,North Beach
4622004,Bayview Hunters Point
4596024,Bayview Hunters Point
4596022,Bayview Hunters Point
4586009,Bayview Hunters Point
7170018,Outer Mission
5044005,Bayview Hunters Point
4596020,Bayview Hunters Point
4605005,Bayview Hunters Point
5062003,Bayview Hunters Point
5062002,Bayview Hunters Point
4597010,Bayview Hunters Point
4597001,Bayview Hunters Point
4587018,Bayview Hunters Point
4596017,Bayview Hunters Point
4586014,Bayview Hunters Point
4605008,Bayview Hunters Point
4572002,Bayview Hunters Point
4597020,Bayview Hunters Point
4867014,Bayview Hunters Point
4238001,Bayview Hunters Point
4867009,Bayview Hunters Point
4866001,Bayview Hunters Point
4866012,Bayview Hunters Point
4867007,Bayview Hunters Point
4865001,Bayview Hunters Point
4867005,Bayview Hunters Point
4866003,Bayview Hunters Point
4866006,Bayview Hunters Point
4867015,Bayview Hunters Point
4866008,Bayview Hunters Point
4867019,Bayview Hunters Point
4867001,Bayview Hunters Point
4867011,Bayview Hunters Point
4867023,Bayview Hunters Point
4866014,Bayview Hunters Point
4867008,Bayview Hunters Point
4867020,Bayview Hunters Point
4866002,Bayview Hunters Point
4866013,Bayview Hunters Point
4867002,Bayview Hunters Point
4866005,Bayview Hunters Point
4866011,Bayview Hunters Point
4866007,Bayview Hunters Point
4867003,Bayview Hunters Point
4866004,Bayview Hunters Point
4866009,Bayview Hunters Point
4867012,Bayview Hunters Point
4867016,Bayview Hunters Point
4867006,Bayview Hunters Point
4867013,Bayview Hunters Point
0410001,Marina
4867018,Bayview Hunters Point
4867022,Bayview Hunters Point
4867010,Bayview Hunters Point
4867021,Bayview Hunters Point
4867017,Bayview Hunters Point
0002001,Russian Hill
0410A001,Marina
4866010,Bayview Hunters Point
4867004,Bayview Hunters Point
4587023,Bayview Hunters Point
4598003,Bayview Hunters Point
4598001,Bayview Hunters Point
4587005,Bayview Hunters Point
5062006,Bayview Hunters Point
4606013,Bayview Hunters Point
9900024,Financial District/South Beach
5046015,Bayview Hunters Point
5044003,Bayview Hunters Point
4621011,Bayview Hunters Point
4572001,Bayview Hunters Point
4598005,Bayview Hunters Point
4586005,Bayview Hunters Point
4621003,Bayview Hunters Point
5045006,Bayview Hunters Point
5044011,Bayview Hunters Point
4605020,Bayview Hunters Point
4587014,Bayview Hunters Point
5045007,Bayview Hunters Point
4929005,Bayview Hunters Point
4928020,Bayview Hunters Point
4950003,Bayview Hunters Point
4952002,Bayview Hunters Point
4952005,Bayview Hunters Point
4952001,Bayview Hunters Point
4929015,Bayview Hunters Point
4950007,Bayview Hunters Point
4951005,Bayview Hunters Point
4928011,Bayview Hunters Point
4951003,Bayview Hunters Point
4950005,Bayview Hunters Point
4951002,Bayview Hunters Point
4928018,Bayview Hunters Point
4929021,Bayview Hunters Point
4950001,Bayview Hunters Point
4950002,Bayview Hunters Point
4950017,Bayview Hunters Point
4928022,Bayview Hunters Point
4950004,Bayview Hunters Point
4951006,Bayview Hunters Point
4951011,Bayview Hunters Point
4928024,Bayview Hunters Point
4929012,Bayview Hunters Point
4929002,Bayview Hunters Point
4929004,Bayview Hunters Point
4952007,Bayview Hunters Point
4929019,Bayview Hunters Point
4952006,Bayview Hunters Point
4928017,Bayview Hunters Point
4952003,Bayview Hunters Point
4929010,Bayview Hunters Point
4929016,Bayview Hunters Point
4930001,Bayview Hunters Point
4950008,Bayview Hunters Point
4928021,Bayview Hunters Point
4929014,Bayview Hunters Point
4928015,Bayview Hunters Point
4929001,Bayview Hunters Point
4952011,Bayview Hunters Point
4950015,Bayview Hunters Point
4950016,Bayview Hunters Point
4929017,Bayview Hunters Point
4929018,Bayview Hunters Point
4929008,Bayview Hunters Point
4950023,Bayview Hunters Point
4929011,Bayview Hunters Point
4951008,Bayview Hunters Point
4929022,Bayview Hunters Point
4931001,Bayview Hunters Point
4950010,Bayview Hunters Point
4950014,Bayview Hunters Point
4951012,Bayview Hunters Point
4950022,Bayview Hunters Point
4951007,Bayview Hunters Point
4950020,Bayview Hunters Point
4928010,Bayview Hunters Point
4928013,Bayview Hunters Point
4950006,Bayview Hunters Point
4950011,Bayview Hunters Point
4929003,Bayview Hunters Point
4929009,Bayview Hunters Point
4929013,Bayview Hunters Point
4929024,Bayview Hunters Point
4951010,Bayview Hunters Point
4950012,Bayview Hunters Point
4928023,Bayview Hunters Point
4929006,Bayview Hunters Point
4950021,Bayview Hunters Point
4952010,Bayview Hunters Point
4950009,Bayview Hunters Point
4929020,Bayview Hunters Point
4951004,Bayview Hunters Point
4951009,Bayview Hunters Point
4928014,Bayview Hunters Point
4928016,Bayview Hunters Point
4952008,Bayview Hunters Point
4928019,Bayview Hunters Point
4951001,Bayview Hunters Point
4928012,Bayview Hunters Point
4950013,Bayview Hunters Point
4950018,Bayview Hunters Point
4950024,Bayview Hunters Point
4952004,Bayview Hunters Point
4929023,Bayview Hunters Point
4951013,Bayview Hunters Point
4952009,Bayview Hunters Point
4929007,Bayview Hunters Point
4950019,Bayview Hunters Point
4572009,Bayview Hunters Point
5062009,Bayview Hunters Point
4606019,Bayview Hunters Point
4596001,Bayview Hunters Point
4606025,Bayview Hunters Point
4586011,Bayview Hunters Point
5046006,Bayview Hunters Point
4597012,Bayview Hunters Point
4598006,Bayview Hunters Point
5044013,Bayview Hunters Point
5027005,Bayview Hunters Point
4901017,Bayview Hunters Point
4902013,Bayview Hunters Point
4899003,Bayview Hunters Point
4899018,Bayview Hunters Point
4902006,Bayview Hunters Point
4901014,Bayview Hunters Point
4902012,Bayview Hunters Point
4899002,Bayview Hunters Point
4899022,Bayview Hunters Point
4901009,Bayview Hunters Point
4901005,Bayview Hunters Point
4901013,Bayview Hunters Point
4899012,Bayview Hunters Point
4901011,Bayview Hunters Point
4901016,Bayview Hunters Point
4901010,Bayview Hunters Point
4901020,Bayview Hunters Point
4902008,Bayview Hunters Point
4899001,Bayview Hunters Point
4899017,Bayview Hunters Point
4902007,Bayview Hunters Point
4902011,Bayview Hunters Point
4899010,Bayview Hunters Point
4899009,Bayview Hunters Point
4899014,Bayview Hunters Point
4899016,Bayview Hunters Point
4900025,Bayview Hunters Point
4901023,Bayview Hunters Point
4899005,Bayview Hunters Point
4901003,Bayview Hunters Point
4901015,Bayview Hunters Point
4901021,Bayview Hunters Point
4901007,Bayview Hunters Point
4902003,Bayview Hunters Point
4902014,Bayview Hunters Point
4899006,Bayview Hunters Point
4899008,Bayview Hunters Point
4899011,Bayview Hunters Point
4899020A,Bayview Hunters Point
4901012,Bayview Hunters Point
4901002,Bayview Hunters Point
4899007,Bayview Hunters Point
4902002,Bayview Hunters Point
4902005,Bayview Hunters Point
4899019,Bayview Hunters Point
4901019,Bayview Hunters Point
4902010,Bayview Hunters Point
4899020,Bayview Hunters Point
4899023,Bayview Hunters Point
4902015,Bayview Hunters Point
4902001,Bayview Hunters Point
4901006,Bayview Hunters Point
4901022,Bayview Hunters Point
4899013,Bayview Hunters Point
4899004,Bayview Hunters Point
4899021,Bayview Hunters Point
4901001,Bayview Hunters Point
4901024,Bayview Hunters Point
4899015,Bayview Hunters Point
4901004,Bayview Hunters Point
4901018,Bayview Hunters Point
4902004,Bayview Hunters Point
4899024,Bayview Hunters Point
4901008,Bayview Hunters Point
4902009,Bayview Hunters Point
5062010A,Bayview Hunters Point
4596023,Bayview Hunters Point
4572008,Bayview Hunters Point
5027007,Bayview Hunters Point
4579001A,Bayview Hunters Point
4606011,Bayview Hunters Point
4605002,Bayview Hunters Point
4622001,Bayview Hunters Point
4572011,Bayview Hunters Point
4587016,Bayview Hunters Point
4572012,Bayview Hunters Point
4605004,Bayview Hunters Point
4586001,Bayview Hunters Point
4587017,Bayview Hunters Point
5046017,Bayview Hunters Point
6319008A,Visitacion Valley
4890021,Bayview Hunters Point
4891002,Bayview Hunters Point
4891019,Bayview Hunters Point
4897001,Bayview Hunters Point
4891011,Bayview Hunters Point
4891018,Bayview Hunters Point
4894003,Bayview Hunters Point
4894004,Bayview Hunters Point
4894011,Bayview Hunters Point
4894020,Bayview Hunters Point
4890019,Bayview Hunters Point
4892004,Bayview Hunters Point
4891004,Bayview Hunters Point
4891020,Bayview Hunters Point
4892008,Bayview Hunters Point
4892024,Bayview Hunters Point
4894016,Bayview Hunters Point
4890018,Bayview Hunters Point
4894018,Bayview Hunters Point
4892009,Bayview Hunters Point
4894023,Bayview Hunters Point
4890022,Bayview Hunters Point
4891015,Bayview Hunters Point
4892003,Bayview Hunters Point
4891008,Bayview Hunters Point
4892011,Bayview Hunters Point
4894013,Bayview Hunters Point
4892002,Bayview Hunters Point
4892014,Bayview Hunters Point
4894021,Bayview Hunters Point
4891022,Bayview Hunters Point
4891023,Bayview Hunters Point
4892007,Bayview Hunters Point
4890015,Bayview Hunters Point
4894009,Bayview Hunters Point
4895001,Bayview Hunters Point
4894008,Bayview Hunters Point
4893002,Bayview Hunters Point
4894015,Bayview Hunters Point
4891021,Bayview Hunters Point
4891013,Bayview Hunters Point
4892018,Bayview Hunters Point
4894006,Bayview Hunters Point
4894007,Bayview Hunters Point
4892005,Bayview Hunters Point
4891001,Bayview Hunters Point
4891007,Bayview Hunters Point
4891009,Bayview Hunters Point
4891005,Bayview Hunters Point
4892016,Bayview Hunters Point
4892001,Bayview Hunters Point
4890017,Bayview Hunters Point
4894014,Bayview Hunters Point
4892022,Bayview Hunters Point
4894022,Bayview Hunters Point
4890023,Bayview Hunters Point
4898001,Bayview Hunters Point
4891014,Bayview Hunters Point
4892013,Bayview Hunters Point
4894017,Bayview Hunters Point
4890016,Bayview Hunters Point
4891016,Bayview Hunters Point
4891017,Bayview Hunters Point
4894001,Bayview Hunters Point
4892021,Bayview Hunters Point
4892010,Bayview Hunters Point
4890020,Bayview Hunters Point
4890024,Bayview Hunters Point
4894002,Bayview Hunters Point
4892019,Bayview Hunters Point
4892012,Bayview Hunters Point
4891003,Bayview Hunters Point
4894012,Bayview Hunters Point
4891024,Bayview Hunters Point
4892006,Bayview Hunters Point
4892023,Bayview Hunters Point
4896001,Bayview Hunters Point
4891010,Bayview Hunters Point
4891012,Bayview Hunters Point
4893001,Bayview Hunters Point
4894019,Bayview Hunters Point
4892015,Bayview Hunters Point
4891006,Bayview Hunters Point
4892017,Bayview Hunters Point
4894005,Bayview Hunters Point
4894010,Bayview Hunters Point
4892020,Bayview Hunters Point
4894024,Bayview Hunters Point
4621010,Bayview Hunters Point
4597011,Bayview Hunters Point
4952017,Bayview Hunters Point
4953017,Bayview Hunters Point
4956001,Bayview Hunters Point
4956024,Bayview Hunters Point
4957013,Bayview Hunters Point
4953001,Bayview Hunters Point
4958004,Bayview Hunters Point
4953002,Bayview Hunters Point
4957001,Bayview Hunters Point
4953006,Bayview Hunters Point
4956003,Bayview Hunters Point
4957010,Bayview Hunters Point
4956016,Bayview Hunters Point
4957012,Bayview Hunters Point
4953013,Bayview Hunters Point
4957003,Bayview Hunters Point
4952024,Bayview Hunters Point
4957011,Bayview Hunters Point
4956021,Bayview Hunters Point
4958008,Bayview Hunters Point
4955001,Bayview Hunters Point
4953021,Bayview Hunters Point
4952023,Bayview Hunters Point
4953019,Bayview Hunters Point
4958001,Bayview Hunters Point
4958007,Bayview Hunters Point
4957002,Bayview Hunters Point
4958009,Bayview Hunters Point
4952018,Bayview Hunters Point
4953016,Bayview Hunters Point
4956017,Bayview Hunters Point
4956022,Bayview Hunters Point
4956014,Bayview Hunters Point
4958010,Bayview Hunters Point
4953010,Bayview Hunters Point
4957004,Bayview Hunters Point
4953014,Bayview Hunters Point
4952014,Bayview Hunters Point
4953020,Bayview Hunters Point
4958002,Bayview Hunters Point
4952015,Bayview Hunters Point
4952016,Bayview Hunters Point
4956018,Bayview Hunters Point
4957017,Bayview Hunters Point
4952019,Bayview Hunters Point
4953003,Bayview Hunters Point
4956019,Bayview Hunters Point
4952022,Bayview Hunters Point
4957022,Bayview Hunters Point
4953004,Bayview Hunters Point
4953015,Bayview Hunters Point
4956015,Bayview Hunters Point
4952020,Bayview Hunters Point
4953018,Bayview Hunters Point
4953022,Bayview Hunters Point
4958011,Bayview Hunters Point
4956002,Bayview Hunters Point
4958006,Bayview Hunters Point
4958012,Bayview Hunters Point
4953009,Bayview Hunters Point
4958003,Bayview Hunters Point
4953023,Bayview Hunters Point
4957014,Bayview Hunters Point
4958005,Bayview Hunters Point
4952012,Bayview Hunters Point
4957019,Bayview Hunters Point
4953005,Bayview Hunters Point
4957008,Bayview Hunters Point
4957023,Bayview Hunters Point
4953008,Bayview Hunters Point
4952013,Bayview Hunters Point
4953007,Bayview Hunters Point
4956023,Bayview Hunters Point
4952021,Bayview Hunters Point
4957015,Bayview Hunters Point
4957021,Bayview Hunters Point
4957005,Bayview Hunters Point
4957024,Bayview Hunters Point
4956020,Bayview Hunters Point
4957018,Bayview Hunters Point
4953011,Bayview Hunters Point
4957006,Bayview Hunters Point
4957007,Bayview Hunters Point
4953012,Bayview Hunters Point
4957016,Bayview Hunters Point
4957020,Bayview Hunters Point
4957009,Bayview Hunters Point
4598008,Bayview Hunters Point
7167012,Outer Mission
4606016,Bayview Hunters Point
5044010,Bayview Hunters Point
5027014,Bayview Hunters Point
4587022,Bayview Hunters Point
5027008,Bayview Hunters Point
4587010,Bayview Hunters Point
6320008E,Visitacion Valley
7167013,Outer Mission
4605022,Bayview Hunters Point
4586010,Bayview Hunters Point
5045005,Bayview Hunters Point
4596021,Bayview Hunters Point
4598010,Bayview Hunters Point
5046007,Bayview Hunters Point
4587006,Bayview Hunters Point
4239001,Potrero Hill
4586002,Bayview Hunters Point
4587001,Bayview Hunters Point
0005001,North Beach
5027011,Bayview Hunters Point
4586012,Bayview Hunters Point
4572006,Bayview Hunters Point
4605007,Bayview Hunters Point
4606012,Bayview Hunters Point
1939123,Treasure Island
4232003,Potrero Hill
4621005,Bayview Hunters Point
4596019,Bayview Hunters Point
5046002,Bayview Hunters Point
4587004,Bayview Hunters Point
5044002,Bayview Hunters Point
4587003,Bayview Hunters Point
4621006,Bayview Hunters Point
4598002,Bayview Hunters Point
5062011,Bayview Hunters Point
4587015,Bayview Hunters Point
4598014,Bayview Hunters Point
4572004,Bayview Hunters Point
4606014,Bayview Hunters Point
4587009,Bayview Hunters Point
4572003,Bayview Hunters Point
5045004,Bayview Hunters Point
5027010,Bayview Hunters Point
5046012,Bayview Hunters Point
4605001,Bayview Hunters Point
4924007,Bayview Hunters Point
4922005,Bayview Hunters Point
4928003,Bayview Hunters Point
4922002,Bayview Hunters Point
4927003,Bayview Hunters Point
4927010,Bayview Hunters Point
4902018,Bayview Hunters Point
4925004,Bayview Hunters Point
4922008,Bayview Hunters Point
4927004,Bayview Hunters Point
4902024,Bayview Hunters Point
4924011,Bayview Hunters Point
4925003,Bayview Hunters Point
4926001,Bayview Hunters Point
4927014,Bayview Hunters Point
4921002,Bayview Hunters Point
4924003,Bayview Hunters Point
4925010,Bayview Hunters Point
4922004,Bayview Hunters Point
4927012,Bayview Hunters Point
4922015,Bayview Hunters Point
4922018,Bayview Hunters Point
4922022,Bayview Hunters Point
4902023,Bayview Hunters Point
4922021,Bayview Hunters Point
4923013,Bayview Hunters Point
4924004,Bayview Hunters Point
4924005,Bayview Hunters Point
4925006,Bayview Hunters Point
4928009,Bayview Hunters Point
4924006,Bayview Hunters Point
4924012,Bayview Hunters Point
4925007,Bayview Hunters Point
4925012,Bayview Hunters Point
4927007,Bayview Hunters Point
4902022,Bayview Hunters Point
4925001,Bayview Hunters Point
4924010,Bayview Hunters Point
4927008,Bayview Hunters Point
4922007,Bayview Hunters Point
4923011,Bayview Hunters Point
4922011,Bayview Hunters Point
4922017,Bayview Hunters Point
4924001,Bayview Hunters Point
4927009,Bayview Hunters Point
4921003,Bayview Hunters Point
4928005,Bayview Hunters Point
4928007,Bayview Hunters Point
4921001,Bayview Hunters Point
4902016,Bayview Hunters Point
4927013,Bayview Hunters Point
4922024,Bayview Hunters Point
4925011,Bayview Hunters Point
4925013,Bayview Hunters Point
4922016,Bayview Hunters Point
4927001,Bayview Hunters Point
4924009,Bayview Hunters Point
4902017,Bayview Hunters Point
4925009,Bayview Hunters Point
4902019,Bayview Hunters Point
4928004,Bayview Hunters Point
4902020,Bayview Hunters Point
4902021,Bayview Hunters Point
4924008,Bayview Hunters Point
4927005,Bayview Hunters Point
4928001,Bayview Hunters Point
4922001,Bayview Hunters Point
4925005,Bayview Hunters Point
4924002,Bayview Hunters Point
4925008,Bayview Hunters Point
4922006,Bayview Hunters Point
4928006,Bayview Hunters Point
4928008,Bayview Hunters Point
4922003,Bayview Hunters Point
4922020,Bayview Hunters Point
4923012,Bayview Hunters Point
4927011,Bayview Hunters Point
4922019,Bayview Hunters Point
4927002,Bayview Hunters Point
4922009,Bayview Hunters Point
4922010,Bayview Hunters Point
4922013,Bayview Hunters Point
4922014,Bayview Hunters Point
4922012,Bayview Hunters Point
4925002,Bayview Hunters Point
4928002,Bayview Hunters Point
4922023,Bayview Hunters Point
4927006,Bayview Hunters Point
4596015,Bayview Hunters Point
4596018,Bayview Hunters Point
4606017,Bayview Hunters Point
